{"proxies":{"com.alcoapps.actionbarextras.ActionbarextrasModule":{"superPackageName":"org.appcelerator.kroll","dynamicProperties":{"color":{"set":true,"nativeConverter":"org.appcelerator.kroll.KrollConverter","setMethodName":"setColor","setMethodArgs":[{"converter":"org.appcelerator.kroll.KrollConverter","defaultValueProvider":"org.appcelerator.kroll.KrollConverter","name":"color","sourceName":"color","type":"java.lang.String"}],"setDefaultProviders":["org.appcelerator.kroll.KrollConverter"],"converter":"org.appcelerator.kroll.KrollConverter","defaultValueProvider":"org.appcelerator.kroll.KrollConverter","retain":true,"javascriptConverter":"org.appcelerator.kroll.KrollConverter","getHasInvocation":false,"runOnUiThread":false,"setReturnType":"void","get":false,"name":"color","setHasInvocation":false},"displayShowTitleEnabled":{"set":true,"nativeConverter":"org.appcelerator.kroll.KrollConverter","setMethodName":"setDisplayShowTitleEnabled","setMethodArgs":[{"converter":"org.appcelerator.kroll.KrollConverter","defaultValueProvider":"org.appcelerator.kroll.KrollConverter","name":"showTitle","sourceName":"showTitle","type":"boolean"}],"setDefaultProviders":["org.appcelerator.kroll.KrollConverter"],"converter":"org.appcelerator.kroll.KrollConverter","defaultValueProvider":"org.appcelerator.kroll.KrollConverter","retain":true,"javascriptConverter":"org.appcelerator.kroll.KrollConverter","getHasInvocation":false,"runOnUiThread":false,"setReturnType":"void","get":false,"name":"displayShowTitleEnabled","setHasInvocation":false},"searchView":{"set":true,"nativeConverter":"org.appcelerator.kroll.KrollConverter","setMethodName":"setSearchView","setMethodArgs":[{"converter":"org.appcelerator.kroll.KrollConverter","defaultValueProvider":"org.appcelerator.kroll.KrollConverter","name":"arg","sourceName":"arg","type":"java.lang.Object"}],"setDefaultProviders":["org.appcelerator.kroll.KrollConverter"],"converter":"org.appcelerator.kroll.KrollConverter","defaultValueProvider":"org.appcelerator.kroll.KrollConverter","retain":true,"javascriptConverter":"org.appcelerator.kroll.KrollConverter","getHasInvocation":false,"runOnUiThread":false,"setReturnType":"void","get":false,"name":"searchView","setHasInvocation":false},"statusbarHeight":{"set":false,"nativeConverter":"org.appcelerator.kroll.KrollConverter","getMethodName":"getStatusbarHeight","converter":"org.appcelerator.kroll.KrollConverter","defaultValueProvider":"org.appcelerator.kroll.KrollConverter","javascriptConverter":"org.appcelerator.kroll.KrollConverter","getHasInvocation":false,"runOnUiThread":false,"getMethodArgs":[],"getReturnType":"int","get":true,"name":"statusbarHeight","setHasInvocation":false,"getDefaultProviders":[]},"title":{"set":true,"nativeConverter":"org.appcelerator.kroll.KrollConverter","getMethodName":"getTitle","setMethodName":"setTitle","setMethodArgs":[{"converter":"org.appcelerator.kroll.KrollConverter","defaultValueProvider":"org.appcelerator.kroll.KrollConverter","name":"obj","sourceName":"obj","type":"java.lang.Object"}],"setDefaultProviders":["org.appcelerator.kroll.KrollConverter"],"converter":"org.appcelerator.kroll.KrollConverter","defaultValueProvider":"org.appcelerator.kroll.KrollConverter","retain":true,"javascriptConverter":"org.appcelerator.kroll.KrollConverter","getHasInvocation":false,"runOnUiThread":false,"getMethodArgs":[],"getReturnType":"java.lang.String","setReturnType":"void","get":true,"name":"title","setHasInvocation":false,"getDefaultProviders":[]},"homeAsUpIcon":{"set":true,"nativeConverter":"org.appcelerator.kroll.KrollConverter","setMethodName":"setHomeAsUpIcon","setMethodArgs":[{"converter":"org.appcelerator.kroll.KrollConverter","defaultValueProvider":"org.appcelerator.kroll.KrollConverter","name":"arg","sourceName":"arg","type":"java.lang.Object"}],"setDefaultProviders":["org.appcelerator.kroll.KrollConverter"],"converter":"org.appcelerator.kroll.KrollConverter","defaultValueProvider":"org.appcelerator.kroll.KrollConverter","retain":true,"javascriptConverter":"org.appcelerator.kroll.KrollConverter","getHasInvocation":false,"runOnUiThread":false,"setReturnType":"void","get":false,"name":"homeAsUpIcon","setHasInvocation":false},"actionbarImage":{"set":true,"nativeConverter":"org.appcelerator.kroll.KrollConverter","setMethodName":"setActionbarImage","setMethodArgs":[{"converter":"org.appcelerator.kroll.KrollConverter","defaultValueProvider":"org.appcelerator.kroll.KrollConverter","name":"arg","sourceName":"arg","type":"java.lang.Object"}],"setDefaultProviders":["org.appcelerator.kroll.KrollConverter"],"converter":"org.appcelerator.kroll.KrollConverter","defaultValueProvider":"org.appcelerator.kroll.KrollConverter","retain":true,"javascriptConverter":"org.appcelerator.kroll.KrollConverter","getHasInvocation":false,"runOnUiThread":false,"setReturnType":"void","get":false,"name":"actionbarImage","setHasInvocation":false},"menuItemIcon":{"set":true,"nativeConverter":"org.appcelerator.kroll.KrollConverter","setMethodName":"setMenuItemIcon","setMethodArgs":[{"converter":"org.appcelerator.kroll.KrollConverter","defaultValueProvider":"org.appcelerator.kroll.KrollConverter","name":"arg","sourceName":"arg","type":"java.lang.Object"}],"setDefaultProviders":["org.appcelerator.kroll.KrollConverter"],"converter":"org.appcelerator.kroll.KrollConverter","defaultValueProvider":"org.appcelerator.kroll.KrollConverter","retain":true,"javascriptConverter":"org.appcelerator.kroll.KrollConverter","getHasInvocation":false,"runOnUiThread":false,"setReturnType":"void","get":false,"name":"menuItemIcon","setHasInvocation":false},"titleColor":{"set":true,"nativeConverter":"org.appcelerator.kroll.KrollConverter","setMethodName":"setTitleColor","setMethodArgs":[{"converter":"org.appcelerator.kroll.KrollConverter","defaultValueProvider":"org.appcelerator.kroll.KrollConverter","name":"color","sourceName":"color","type":"java.lang.String"}],"setDefaultProviders":["org.appcelerator.kroll.KrollConverter"],"converter":"org.appcelerator.kroll.KrollConverter","defaultValueProvider":"org.appcelerator.kroll.KrollConverter","retain":true,"javascriptConverter":"org.appcelerator.kroll.KrollConverter","getHasInvocation":false,"runOnUiThread":false,"setReturnType":"void","get":false,"name":"titleColor","setHasInvocation":false},"logo":{"set":true,"nativeConverter":"org.appcelerator.kroll.KrollConverter","setMethodName":"setLogo","setMethodArgs":[{"converter":"org.appcelerator.kroll.KrollConverter","defaultValueProvider":"org.appcelerator.kroll.KrollConverter","name":"arg","sourceName":"arg","type":"java.lang.Object"}],"setDefaultProviders":["org.appcelerator.kroll.KrollConverter"],"converter":"org.appcelerator.kroll.KrollConverter","defaultValueProvider":"org.appcelerator.kroll.KrollConverter","retain":true,"javascriptConverter":"org.appcelerator.kroll.KrollConverter","getHasInvocation":false,"runOnUiThread":false,"setReturnType":"void","get":false,"name":"logo","setHasInvocation":false},"displayUseLogoEnabled":{"set":true,"nativeConverter":"org.appcelerator.kroll.KrollConverter","setMethodName":"setDisplayUseLogoEnabled","setMethodArgs":[{"converter":"org.appcelerator.kroll.KrollConverter","defaultValueProvider":"org.appcelerator.kroll.KrollConverter","name":"useLogo","sourceName":"useLogo","type":"boolean"}],"setDefaultProviders":["org.appcelerator.kroll.KrollConverter"],"converter":"org.appcelerator.kroll.KrollConverter","defaultValueProvider":"org.appcelerator.kroll.KrollConverter","retain":true,"javascriptConverter":"org.appcelerator.kroll.KrollConverter","getHasInvocation":false,"runOnUiThread":false,"setReturnType":"void","get":false,"name":"displayUseLogoEnabled","setHasInvocation":false},"subtitleFont":{"set":true,"nativeConverter":"org.appcelerator.kroll.KrollConverter","setMethodName":"setSubtitleFont","setMethodArgs":[{"converter":"org.appcelerator.kroll.KrollConverter","defaultValueProvider":"org.appcelerator.kroll.KrollConverter","name":"obj","sourceName":"obj","type":"java.lang.Object"}],"setDefaultProviders":["org.appcelerator.kroll.KrollConverter"],"converter":"org.appcelerator.kroll.KrollConverter","defaultValueProvider":"org.appcelerator.kroll.KrollConverter","retain":true,"javascriptConverter":"org.appcelerator.kroll.KrollConverter","getHasInvocation":false,"runOnUiThread":false,"setReturnType":"void","get":false,"name":"subtitleFont","setHasInvocation":false},"displayShowHomeEnabled":{"set":true,"nativeConverter":"org.appcelerator.kroll.KrollConverter","setMethodName":"setDisplayShowHomeEnabled","setMethodArgs":[{"converter":"org.appcelerator.kroll.KrollConverter","defaultValueProvider":"org.appcelerator.kroll.KrollConverter","name":"showHome","sourceName":"showHome","type":"boolean"}],"setDefaultProviders":["org.appcelerator.kroll.KrollConverter"],"converter":"org.appcelerator.kroll.KrollConverter","defaultValueProvider":"org.appcelerator.kroll.KrollConverter","retain":true,"javascriptConverter":"org.appcelerator.kroll.KrollConverter","getHasInvocation":false,"runOnUiThread":false,"setReturnType":"void","get":false,"name":"displayShowHomeEnabled","setHasInvocation":false},"statusbarColor":{"set":true,"nativeConverter":"org.appcelerator.kroll.KrollConverter","setMethodName":"setStatusbarColor","setMethodArgs":[{"converter":"org.appcelerator.kroll.KrollConverter","defaultValueProvider":"org.appcelerator.kroll.KrollConverter","name":"color","sourceName":"color","type":"java.lang.String"}],"setDefaultProviders":["org.appcelerator.kroll.KrollConverter"],"converter":"org.appcelerator.kroll.KrollConverter","defaultValueProvider":"org.appcelerator.kroll.KrollConverter","retain":true,"javascriptConverter":"org.appcelerator.kroll.KrollConverter","getHasInvocation":false,"runOnUiThread":false,"setReturnType":"void","get":false,"name":"statusbarColor","setHasInvocation":false},"actionbarHeight":{"set":false,"nativeConverter":"org.appcelerator.kroll.KrollConverter","getMethodName":"getActionbarHeight","converter":"org.appcelerator.kroll.KrollConverter","defaultValueProvider":"org.appcelerator.kroll.KrollConverter","javascriptConverter":"org.appcelerator.kroll.KrollConverter","getHasInvocation":false,"runOnUiThread":false,"getMethodArgs":[],"getReturnType":"int","get":true,"name":"actionbarHeight","setHasInvocation":false,"getDefaultProviders":[]},"elevation":{"set":true,"nativeConverter":"org.appcelerator.kroll.KrollConverter","setMethodName":"setElevation","setMethodArgs":[{"converter":"org.appcelerator.kroll.KrollConverter","defaultValueProvider":"org.appcelerator.kroll.KrollConverter","name":"arg","sourceName":"arg","type":"java.lang.Object"}],"setDefaultProviders":["org.appcelerator.kroll.KrollConverter"],"converter":"org.appcelerator.kroll.KrollConverter","defaultValueProvider":"org.appcelerator.kroll.KrollConverter","retain":true,"javascriptConverter":"org.appcelerator.kroll.KrollConverter","getHasInvocation":false,"runOnUiThread":false,"setReturnType":"void","get":false,"name":"elevation","setHasInvocation":false},"backgroundColor":{"set":true,"nativeConverter":"org.appcelerator.kroll.KrollConverter","setMethodName":"setBackgroundColor","setMethodArgs":[{"converter":"org.appcelerator.kroll.KrollConverter","defaultValueProvider":"org.appcelerator.kroll.KrollConverter","name":"color","sourceName":"color","type":"java.lang.String"}],"setDefaultProviders":["org.appcelerator.kroll.KrollConverter"],"converter":"org.appcelerator.kroll.KrollConverter","defaultValueProvider":"org.appcelerator.kroll.KrollConverter","retain":true,"javascriptConverter":"org.appcelerator.kroll.KrollConverter","getHasInvocation":false,"runOnUiThread":false,"setReturnType":"void","get":false,"name":"backgroundColor","setHasInvocation":false},"disableIcon":{"set":true,"nativeConverter":"org.appcelerator.kroll.KrollConverter","setMethodName":"setDisableIcon","setMethodArgs":[{"converter":"org.appcelerator.kroll.KrollConverter","defaultValueProvider":"org.appcelerator.kroll.KrollConverter","name":"arg","optional":true,"sourceName":"arg","type":"java.lang.Boolean"}],"setDefaultProviders":[null],"converter":"org.appcelerator.kroll.KrollConverter","defaultValueProvider":"org.appcelerator.kroll.KrollConverter","retain":true,"javascriptConverter":"org.appcelerator.kroll.KrollConverter","getHasInvocation":false,"runOnUiThread":false,"setReturnType":"void","get":false,"name":"disableIcon","setHasInvocation":false},"titleFont":{"set":true,"nativeConverter":"org.appcelerator.kroll.KrollConverter","setMethodName":"setTitleFont","setMethodArgs":[{"converter":"org.appcelerator.kroll.KrollConverter","defaultValueProvider":"org.appcelerator.kroll.KrollConverter","name":"obj","sourceName":"obj","type":"java.lang.Object"}],"setDefaultProviders":["org.appcelerator.kroll.KrollConverter"],"converter":"org.appcelerator.kroll.KrollConverter","defaultValueProvider":"org.appcelerator.kroll.KrollConverter","retain":true,"javascriptConverter":"org.appcelerator.kroll.KrollConverter","getHasInvocation":false,"runOnUiThread":false,"setReturnType":"void","get":false,"name":"titleFont","setHasInvocation":false},"subtitleColor":{"set":true,"nativeConverter":"org.appcelerator.kroll.KrollConverter","setMethodName":"setSubtitleColor","setMethodArgs":[{"converter":"org.appcelerator.kroll.KrollConverter","defaultValueProvider":"org.appcelerator.kroll.KrollConverter","name":"color","sourceName":"color","type":"java.lang.String"}],"setDefaultProviders":["org.appcelerator.kroll.KrollConverter"],"converter":"org.appcelerator.kroll.KrollConverter","defaultValueProvider":"org.appcelerator.kroll.KrollConverter","retain":true,"javascriptConverter":"org.appcelerator.kroll.KrollConverter","getHasInvocation":false,"runOnUiThread":false,"setReturnType":"void","get":false,"name":"subtitleColor","setHasInvocation":false},"upColor":{"set":true,"nativeConverter":"org.appcelerator.kroll.KrollConverter","setMethodName":"setUpColor","setMethodArgs":[{"converter":"org.appcelerator.kroll.KrollConverter","defaultValueProvider":"org.appcelerator.kroll.KrollConverter","name":"color","sourceName":"color","type":"java.lang.String"}],"setDefaultProviders":["org.appcelerator.kroll.KrollConverter"],"converter":"org.appcelerator.kroll.KrollConverter","defaultValueProvider":"org.appcelerator.kroll.KrollConverter","retain":true,"javascriptConverter":"org.appcelerator.kroll.KrollConverter","getHasInvocation":false,"runOnUiThread":false,"setReturnType":"void","get":false,"name":"upColor","setHasInvocation":false},"navigationbarColor":{"set":true,"nativeConverter":"org.appcelerator.kroll.KrollConverter","setMethodName":"setNavigationbarColor","setMethodArgs":[{"converter":"org.appcelerator.kroll.KrollConverter","defaultValueProvider":"org.appcelerator.kroll.KrollConverter","name":"color","sourceName":"color","type":"java.lang.String"}],"setDefaultProviders":["org.appcelerator.kroll.KrollConverter"],"converter":"org.appcelerator.kroll.KrollConverter","defaultValueProvider":"org.appcelerator.kroll.KrollConverter","retain":true,"javascriptConverter":"org.appcelerator.kroll.KrollConverter","getHasInvocation":false,"runOnUiThread":false,"setReturnType":"void","get":false,"name":"navigationbarColor","setHasInvocation":false},"subtitle":{"set":true,"nativeConverter":"org.appcelerator.kroll.KrollConverter","setMethodName":"setSubtitle","setMethodArgs":[{"converter":"org.appcelerator.kroll.KrollConverter","defaultValueProvider":"org.appcelerator.kroll.KrollConverter","name":"obj","sourceName":"obj","type":"java.lang.Object"}],"setDefaultProviders":["org.appcelerator.kroll.KrollConverter"],"converter":"org.appcelerator.kroll.KrollConverter","defaultValueProvider":"org.appcelerator.kroll.KrollConverter","retain":true,"javascriptConverter":"org.appcelerator.kroll.KrollConverter","getHasInvocation":false,"runOnUiThread":false,"setReturnType":"void","get":false,"name":"subtitle","setHasInvocation":false},"toolbarTopPadding":{"set":true,"nativeConverter":"org.appcelerator.kroll.KrollConverter","setMethodName":"setToolbarTopPadding","setMethodArgs":[{"converter":"org.appcelerator.kroll.KrollConverter","defaultValueProvider":"org.appcelerator.kroll.KrollConverter","name":"arg","sourceName":"arg","type":"java.lang.Object"}],"setDefaultProviders":["org.appcelerator.kroll.KrollConverter"],"converter":"org.appcelerator.kroll.KrollConverter","defaultValueProvider":"org.appcelerator.kroll.KrollConverter","retain":true,"javascriptConverter":"org.appcelerator.kroll.KrollConverter","getHasInvocation":false,"runOnUiThread":false,"setReturnType":"void","get":false,"name":"toolbarTopPadding","setHasInvocation":false},"window":{"set":true,"nativeConverter":"org.appcelerator.kroll.KrollConverter","setMethodName":"setWindow","setMethodArgs":[{"converter":"org.appcelerator.kroll.KrollConverter","defaultValueProvider":"org.appcelerator.kroll.KrollConverter","name":"arg","sourceName":"arg","type":"java.lang.Object"}],"setDefaultProviders":["org.appcelerator.kroll.KrollConverter"],"converter":"org.appcelerator.kroll.KrollConverter","defaultValueProvider":"org.appcelerator.kroll.KrollConverter","retain":true,"javascriptConverter":"org.appcelerator.kroll.KrollConverter","getHasInvocation":false,"runOnUiThread":false,"setReturnType":"void","get":false,"name":"window","setHasInvocation":false},"hideOffset":{"set":true,"nativeConverter":"org.appcelerator.kroll.KrollConverter","setMethodName":"setHideOffset","setMethodArgs":[{"converter":"org.appcelerator.kroll.KrollConverter","defaultValueProvider":"org.appcelerator.kroll.KrollConverter","name":"arg","sourceName":"arg","type":"java.lang.Object"}],"setDefaultProviders":["org.appcelerator.kroll.KrollConverter"],"converter":"org.appcelerator.kroll.KrollConverter","defaultValueProvider":"org.appcelerator.kroll.KrollConverter","retain":true,"javascriptConverter":"org.appcelerator.kroll.KrollConverter","getHasInvocation":false,"runOnUiThread":false,"setReturnType":"void","get":false,"name":"hideOffset","setHasInvocation":false},"font":{"set":true,"nativeConverter":"org.appcelerator.kroll.KrollConverter","setMethodName":"setFont","setMethodArgs":[{"converter":"org.appcelerator.kroll.KrollConverter","defaultValueProvider":"org.appcelerator.kroll.KrollConverter","name":"value","sourceName":"value","type":"java.lang.Object"}],"setDefaultProviders":["org.appcelerator.kroll.KrollConverter"],"converter":"org.appcelerator.kroll.KrollConverter","defaultValueProvider":"org.appcelerator.kroll.KrollConverter","retain":true,"javascriptConverter":"org.appcelerator.kroll.KrollConverter","getHasInvocation":false,"runOnUiThread":false,"setReturnType":"void","get":false,"name":"font","setHasInvocation":false}},"methods":{"setHomeAsUpIcon":{"runOnUiThread":false,"hasInvocation":false,"args":[{"converter":"org.appcelerator.kroll.KrollConverter","defaultValueProvider":"org.appcelerator.kroll.KrollConverter","name":"arg","sourceName":"arg","type":"java.lang.Object"}],"apiName":"setHomeAsUpIcon","converter":"org.appcelerator.kroll.KrollConverter","defaultValueProvider":"org.appcelerator.kroll.KrollConverter","name":"__default_name__","returnType":"void"},"setHideOffset":{"runOnUiThread":false,"hasInvocation":false,"args":[{"converter":"org.appcelerator.kroll.KrollConverter","defaultValueProvider":"org.appcelerator.kroll.KrollConverter","name":"arg","sourceName":"arg","type":"java.lang.Object"}],"apiName":"setHideOffset","converter":"org.appcelerator.kroll.KrollConverter","defaultValueProvider":"org.appcelerator.kroll.KrollConverter","name":"__default_name__","returnType":"void"},"getActionbarHeight":{"runOnUiThread":false,"hasInvocation":false,"args":[],"apiName":"getActionbarHeight","converter":"org.appcelerator.kroll.KrollConverter","defaultValueProvider":"org.appcelerator.kroll.KrollConverter","name":"__default_name__","returnType":"int"},"setTitleColor":{"runOnUiThread":false,"hasInvocation":false,"args":[{"converter":"org.appcelerator.kroll.KrollConverter","defaultValueProvider":"org.appcelerator.kroll.KrollConverter","name":"color","sourceName":"color","type":"java.lang.String"}],"apiName":"setTitleColor","converter":"org.appcelerator.kroll.KrollConverter","defaultValueProvider":"org.appcelerator.kroll.KrollConverter","name":"__default_name__","returnType":"void"},"setDisplayUseLogoEnabled":{"runOnUiThread":false,"hasInvocation":false,"args":[{"converter":"org.appcelerator.kroll.KrollConverter","defaultValueProvider":"org.appcelerator.kroll.KrollConverter","name":"useLogo","sourceName":"useLogo","type":"boolean"}],"apiName":"setDisplayUseLogoEnabled","converter":"org.appcelerator.kroll.KrollConverter","defaultValueProvider":"org.appcelerator.kroll.KrollConverter","name":"__default_name__","returnType":"void"},"disableActionbarImage":{"runOnUiThread":false,"hasInvocation":false,"args":[],"apiName":"disableActionbarImage","converter":"org.appcelerator.kroll.KrollConverter","defaultValueProvider":"org.appcelerator.kroll.KrollConverter","name":"__default_name__","returnType":"void"},"hideLogo":{"runOnUiThread":false,"hasInvocation":false,"args":[],"apiName":"hideLogo","converter":"org.appcelerator.kroll.KrollConverter","defaultValueProvider":"org.appcelerator.kroll.KrollConverter","name":"__default_name__","returnType":"void"},"setSubtitleFont":{"runOnUiThread":false,"hasInvocation":false,"args":[{"converter":"org.appcelerator.kroll.KrollConverter","defaultValueProvider":"org.appcelerator.kroll.KrollConverter","name":"obj","sourceName":"obj","type":"java.lang.Object"}],"apiName":"setSubtitleFont","converter":"org.appcelerator.kroll.KrollConverter","defaultValueProvider":"org.appcelerator.kroll.KrollConverter","name":"__default_name__","returnType":"void"},"getTitle":{"runOnUiThread":false,"hasInvocation":false,"args":[],"apiName":"getTitle","converter":"org.appcelerator.kroll.KrollConverter","defaultValueProvider":"org.appcelerator.kroll.KrollConverter","name":"__default_name__","returnType":"java.lang.String"},"setSubtitle":{"runOnUiThread":false,"hasInvocation":false,"args":[{"converter":"org.appcelerator.kroll.KrollConverter","defaultValueProvider":"org.appcelerator.kroll.KrollConverter","name":"obj","sourceName":"obj","type":"java.lang.Object"}],"apiName":"setSubtitle","converter":"org.appcelerator.kroll.KrollConverter","defaultValueProvider":"org.appcelerator.kroll.KrollConverter","name":"__default_name__","returnType":"void"},"setFont":{"runOnUiThread":false,"hasInvocation":false,"args":[{"converter":"org.appcelerator.kroll.KrollConverter","defaultValueProvider":"org.appcelerator.kroll.KrollConverter","name":"value","sourceName":"value","type":"java.lang.Object"}],"apiName":"setFont","converter":"org.appcelerator.kroll.KrollConverter","defaultValueProvider":"org.appcelerator.kroll.KrollConverter","name":"__default_name__","returnType":"void"},"setMenuItemIcon":{"runOnUiThread":false,"hasInvocation":false,"args":[{"converter":"org.appcelerator.kroll.KrollConverter","defaultValueProvider":"org.appcelerator.kroll.KrollConverter","name":"arg","sourceName":"arg","type":"java.lang.Object"}],"apiName":"setMenuItemIcon","converter":"org.appcelerator.kroll.KrollConverter","defaultValueProvider":"org.appcelerator.kroll.KrollConverter","name":"__default_name__","returnType":"void"},"setDisableIcon":{"runOnUiThread":false,"hasInvocation":false,"args":[{"converter":"org.appcelerator.kroll.KrollConverter","defaultValueProvider":"org.appcelerator.kroll.KrollConverter","name":"arg","optional":true,"sourceName":"arg","type":"java.lang.Boolean"}],"apiName":"setDisableIcon","converter":"org.appcelerator.kroll.KrollConverter","defaultValueProvider":"org.appcelerator.kroll.KrollConverter","name":"__default_name__","returnType":"void"},"setLogo":{"runOnUiThread":false,"hasInvocation":false,"args":[{"converter":"org.appcelerator.kroll.KrollConverter","defaultValueProvider":"org.appcelerator.kroll.KrollConverter","name":"arg","sourceName":"arg","type":"java.lang.Object"}],"apiName":"setLogo","converter":"org.appcelerator.kroll.KrollConverter","defaultValueProvider":"org.appcelerator.kroll.KrollConverter","name":"__default_name__","returnType":"void"},"setSearchView":{"runOnUiThread":false,"hasInvocation":false,"args":[{"converter":"org.appcelerator.kroll.KrollConverter","defaultValueProvider":"org.appcelerator.kroll.KrollConverter","name":"arg","sourceName":"arg","type":"java.lang.Object"}],"apiName":"setSearchView","converter":"org.appcelerator.kroll.KrollConverter","defaultValueProvider":"org.appcelerator.kroll.KrollConverter","name":"__default_name__","returnType":"void"},"setToolbarTopPadding":{"runOnUiThread":false,"hasInvocation":false,"args":[{"converter":"org.appcelerator.kroll.KrollConverter","defaultValueProvider":"org.appcelerator.kroll.KrollConverter","name":"arg","sourceName":"arg","type":"java.lang.Object"}],"apiName":"setToolbarTopPadding","converter":"org.appcelerator.kroll.KrollConverter","defaultValueProvider":"org.appcelerator.kroll.KrollConverter","name":"__default_name__","returnType":"void"},"addShareAction":{"runOnUiThread":false,"hasInvocation":false,"args":[{"converter":"org.appcelerator.kroll.KrollConverter","defaultValueProvider":"org.appcelerator.kroll.KrollConverter","name":"args","sourceName":"args","type":"org.appcelerator.kroll.KrollDict"}],"apiName":"addShareAction","converter":"org.appcelerator.kroll.KrollConverter","defaultValueProvider":"org.appcelerator.kroll.KrollConverter","name":"__default_name__","returnType":"void"},"setBackgroundColor":{"runOnUiThread":false,"hasInvocation":false,"args":[{"converter":"org.appcelerator.kroll.KrollConverter","defaultValueProvider":"org.appcelerator.kroll.KrollConverter","name":"color","sourceName":"color","type":"java.lang.String"}],"apiName":"setBackgroundColor","converter":"org.appcelerator.kroll.KrollConverter","defaultValueProvider":"org.appcelerator.kroll.KrollConverter","name":"__default_name__","returnType":"void"},"setElevation":{"runOnUiThread":false,"hasInvocation":false,"args":[{"converter":"org.appcelerator.kroll.KrollConverter","defaultValueProvider":"org.appcelerator.kroll.KrollConverter","name":"arg","sourceName":"arg","type":"java.lang.Object"}],"apiName":"setElevation","converter":"org.appcelerator.kroll.KrollConverter","defaultValueProvider":"org.appcelerator.kroll.KrollConverter","name":"__default_name__","returnType":"void"},"setSubtitleColor":{"runOnUiThread":false,"hasInvocation":false,"args":[{"converter":"org.appcelerator.kroll.KrollConverter","defaultValueProvider":"org.appcelerator.kroll.KrollConverter","name":"color","sourceName":"color","type":"java.lang.String"}],"apiName":"setSubtitleColor","converter":"org.appcelerator.kroll.KrollConverter","defaultValueProvider":"org.appcelerator.kroll.KrollConverter","name":"__default_name__","returnType":"void"},"setTitleFont":{"runOnUiThread":false,"hasInvocation":false,"args":[{"converter":"org.appcelerator.kroll.KrollConverter","defaultValueProvider":"org.appcelerator.kroll.KrollConverter","name":"obj","sourceName":"obj","type":"java.lang.Object"}],"apiName":"setTitleFont","converter":"org.appcelerator.kroll.KrollConverter","defaultValueProvider":"org.appcelerator.kroll.KrollConverter","name":"__default_name__","returnType":"void"},"setTitle":{"runOnUiThread":false,"hasInvocation":false,"args":[{"converter":"org.appcelerator.kroll.KrollConverter","defaultValueProvider":"org.appcelerator.kroll.KrollConverter","name":"obj","sourceName":"obj","type":"java.lang.Object"}],"apiName":"setTitle","converter":"org.appcelerator.kroll.KrollConverter","defaultValueProvider":"org.appcelerator.kroll.KrollConverter","name":"__default_name__","returnType":"void"},"setWindow":{"runOnUiThread":false,"hasInvocation":false,"args":[{"converter":"org.appcelerator.kroll.KrollConverter","defaultValueProvider":"org.appcelerator.kroll.KrollConverter","name":"arg","sourceName":"arg","type":"java.lang.Object"}],"apiName":"setWindow","converter":"org.appcelerator.kroll.KrollConverter","defaultValueProvider":"org.appcelerator.kroll.KrollConverter","name":"__default_name__","returnType":"void"},"setStatusbarColor":{"runOnUiThread":false,"hasInvocation":false,"args":[{"converter":"org.appcelerator.kroll.KrollConverter","defaultValueProvider":"org.appcelerator.kroll.KrollConverter","name":"color","sourceName":"color","type":"java.lang.String"}],"apiName":"setStatusbarColor","converter":"org.appcelerator.kroll.KrollConverter","defaultValueProvider":"org.appcelerator.kroll.KrollConverter","name":"__default_name__","returnType":"void"},"getStatusbarHeight":{"runOnUiThread":false,"hasInvocation":false,"args":[],"apiName":"getStatusbarHeight","converter":"org.appcelerator.kroll.KrollConverter","defaultValueProvider":"org.appcelerator.kroll.KrollConverter","name":"__default_name__","returnType":"int"},"setColor":{"runOnUiThread":false,"hasInvocation":false,"args":[{"converter":"org.appcelerator.kroll.KrollConverter","defaultValueProvider":"org.appcelerator.kroll.KrollConverter","name":"color","sourceName":"color","type":"java.lang.String"}],"apiName":"setColor","converter":"org.appcelerator.kroll.KrollConverter","defaultValueProvider":"org.appcelerator.kroll.KrollConverter","name":"__default_name__","returnType":"void"},"setDisplayShowHomeEnabled":{"runOnUiThread":false,"hasInvocation":false,"args":[{"converter":"org.appcelerator.kroll.KrollConverter","defaultValueProvider":"org.appcelerator.kroll.KrollConverter","name":"showHome","sourceName":"showHome","type":"boolean"}],"apiName":"setDisplayShowHomeEnabled","converter":"org.appcelerator.kroll.KrollConverter","defaultValueProvider":"org.appcelerator.kroll.KrollConverter","name":"__default_name__","returnType":"void"},"setDisplayShowTitleEnabled":{"runOnUiThread":false,"hasInvocation":false,"args":[{"converter":"org.appcelerator.kroll.KrollConverter","defaultValueProvider":"org.appcelerator.kroll.KrollConverter","name":"showTitle","sourceName":"showTitle","type":"boolean"}],"apiName":"setDisplayShowTitleEnabled","converter":"org.appcelerator.kroll.KrollConverter","defaultValueProvider":"org.appcelerator.kroll.KrollConverter","name":"__default_name__","returnType":"void"},"setUpColor":{"runOnUiThread":false,"hasInvocation":false,"args":[{"converter":"org.appcelerator.kroll.KrollConverter","defaultValueProvider":"org.appcelerator.kroll.KrollConverter","name":"color","sourceName":"color","type":"java.lang.String"}],"apiName":"setUpColor","converter":"org.appcelerator.kroll.KrollConverter","defaultValueProvider":"org.appcelerator.kroll.KrollConverter","name":"__default_name__","returnType":"void"},"setNavigationbarColor":{"runOnUiThread":false,"hasInvocation":false,"args":[{"converter":"org.appcelerator.kroll.KrollConverter","defaultValueProvider":"org.appcelerator.kroll.KrollConverter","name":"color","sourceName":"color","type":"java.lang.String"}],"apiName":"setNavigationbarColor","converter":"org.appcelerator.kroll.KrollConverter","defaultValueProvider":"org.appcelerator.kroll.KrollConverter","name":"__default_name__","returnType":"void"},"setActionbarImage":{"runOnUiThread":false,"hasInvocation":false,"args":[{"converter":"org.appcelerator.kroll.KrollConverter","defaultValueProvider":"org.appcelerator.kroll.KrollConverter","name":"arg","sourceName":"arg","type":"java.lang.Object"}],"apiName":"setActionbarImage","converter":"org.appcelerator.kroll.KrollConverter","defaultValueProvider":"org.appcelerator.kroll.KrollConverter","name":"__default_name__","returnType":"void"}},"superProxyBindingClassName":"org.appcelerator.kroll.KrollModuleBindingGen","proxyClassName":"ActionbarextrasModule","proxyAttrs":{"propertyAccessors":[],"fullAPIName":"Actionbarextras","name":"Actionbarextras","proxyClassName":"com.alcoapps.actionbarextras.ActionbarextrasModule","isTopLevel":false,"id":"com.alcoapps.actionbarextras"},"packageName":"com.alcoapps.actionbarextras","sourceName":"com.alcoapps.actionbarextras.ActionbarextrasModuleBindingGen","superProxyClassName":"KrollModule","isModule":true,"genClassName":"ActionbarextrasModuleBindingGen","onAppCreate":"onAppCreate"},"com.alcoapps.actionbarextras.DropdownProxy":{"superPackageName":"org.appcelerator.kroll","methods":{"remove":{"runOnUiThread":false,"hasInvocation":false,"args":[],"apiName":"remove","converter":"org.appcelerator.kroll.KrollConverter","defaultValueProvider":"org.appcelerator.kroll.KrollConverter","name":"__default_name__","returnType":"void"},"setActiveItem":{"runOnUiThread":false,"hasInvocation":false,"args":[{"converter":"org.appcelerator.kroll.KrollConverter","defaultValueProvider":"org.appcelerator.kroll.KrollConverter","name":"activeItem","sourceName":"activeItem","type":"int"}],"apiName":"setActiveItem","converter":"org.appcelerator.kroll.KrollConverter","defaultValueProvider":"org.appcelerator.kroll.KrollConverter","name":"__default_name__","returnType":"void"}},"dynamicProperties":{"activeItem":{"set":true,"nativeConverter":"org.appcelerator.kroll.KrollConverter","setMethodName":"setActiveItem","setMethodArgs":[{"converter":"org.appcelerator.kroll.KrollConverter","defaultValueProvider":"org.appcelerator.kroll.KrollConverter","name":"activeItem","sourceName":"activeItem","type":"int"}],"setDefaultProviders":["org.appcelerator.kroll.KrollConverter"],"converter":"org.appcelerator.kroll.KrollConverter","defaultValueProvider":"org.appcelerator.kroll.KrollConverter","retain":true,"javascriptConverter":"org.appcelerator.kroll.KrollConverter","getHasInvocation":false,"runOnUiThread":false,"setReturnType":"void","get":false,"name":"activeItem","setHasInvocation":false}},"superProxyBindingClassName":"org.appcelerator.kroll.KrollProxyBindingGen","proxyClassName":"DropdownProxy","proxyAttrs":{"propertyAccessors":[],"fullAPIName":"Actionbarextras.Dropdown","name":"Dropdown","proxyClassName":"com.alcoapps.actionbarextras.DropdownProxy","isTopLevel":false,"id":"com.alcoapps.actionbarextras.DropdownProxy","creatableInModule":"com.alcoapps.actionbarextras.ActionbarextrasModule","parentModule":"org.appcelerator.kroll.annotations.Kroll.DEFAULT"},"packageName":"com.alcoapps.actionbarextras","sourceName":"com.alcoapps.actionbarextras.DropdownProxyBindingGen","superProxyClassName":"KrollProxy","isModule":false,"genClassName":"DropdownProxyBindingGen"}},"modules":{"com.alcoapps.actionbarextras.ActionbarextrasModule":{"apiName":"Actionbarextras","createProxies":[{"propertyAccessors":[],"fullAPIName":"Actionbarextras.Dropdown","name":"Dropdown","proxyClassName":"com.alcoapps.actionbarextras.DropdownProxy","isTopLevel":false,"id":"com.alcoapps.actionbarextras.DropdownProxy","creatableInModule":"com.alcoapps.actionbarextras.ActionbarextrasModule","parentModule":"org.appcelerator.kroll.annotations.Kroll.DEFAULT"}]}}}